{"cameraMode":{"drawMode":0,"name":"Shaded","section":"Shading Mode"},"sceneLighting":true,"audioPlay":false,"sceneViewState":{"m_AlwaysRefresh":false,"showFog":true,"showSkybox":true,"showFlares":true,"showImageEffects":true,"showParticleSystems":true,"showVisualEffectGraphs":true,"m_FxEnabled":true},"in2DMode":false,"pivot":{"x":3.915590286254883,"y":-1.6984856128692628,"z":5.09291934967041},"rotation":{"x":0.11445188522338867,"y":0.20731015503406526,"z":-0.024444710463285447,"w":0.9711823463439941},"size":10.04852294921875,"orthographic":false}