{"cameraMode":{"drawMode":0,"name":"Shaded","section":"Shading Mode"},"sceneLighting":true,"audioPlay":false,"sceneViewState":{"m_AlwaysRefresh":false,"showFog":true,"showSkybox":true,"showFlares":true,"showImageEffects":true,"showParticleSystems":true,"showVisualEffectGraphs":true,"m_FxEnabled":true},"in2DMode":false,"pivot":{"x":0.7105053067207336,"y":3.6926848888397219,"z":-11.649731636047364},"rotation":{"x":-0.10468313843011856,"y":-0.08909187465906143,"z":0.009240970946848393,"w":-0.9902219176292419},"size":1.1195666790008546,"orthographic":false}