{"cameraMode":{"drawMode":0,"name":"Shaded","section":"Shading Mode"},"sceneLighting":true,"audioPlay":false,"sceneViewState":{"m_AlwaysRefresh":false,"showFog":true,"showSkybox":true,"showFlares":true,"showImageEffects":true,"showParticleSystems":true,"showVisualEffectGraphs":true,"m_FxEnabled":true},"in2DMode":false,"pivot":{"x":-0.5494176745414734,"y":3.5120015144348146,"z":-10.874724388122559},"rotation":{"x":-0.19101981818675996,"y":-0.026242073625326158,"z":0.004938661120831966,"w":-0.9809937477111816},"size":1.1195666790008546,"orthographic":false}