{"cameraMode":{"drawMode":0,"name":"Shaded","section":"Shading Mode"},"sceneLighting":false,"audioPlay":false,"sceneViewState":{"m_AlwaysRefresh":false,"showFog":true,"showSkybox":false,"showFlares":true,"showImageEffects":true,"showParticleSystems":true,"showVisualEffectGraphs":true,"m_FxEnabled":true},"in2DMode":false,"pivot":{"x":-0.020720720291137697,"y":0.8154854774475098,"z":-7.357056617736816},"rotation":{"x":0.18485869467258454,"y":-0.06156599521636963,"z":0.011594058945775032,"w":0.9807009696960449},"size":1.103571891784668,"orthographic":false}