{"cameraMode":{"drawMode":0,"name":"Shaded","section":"Shading Mode"},"sceneLighting":false,"audioPlay":false,"sceneViewState":{"m_AlwaysRefresh":false,"showFog":false,"showSkybox":false,"showFlares":false,"showImageEffects":false,"showParticleSystems":false,"showVisualEffectGraphs":true,"m_FxEnabled":true},"in2DMode":false,"pivot":{"x":0.038833774626255038,"y":1.3068065643310547,"z":-1.159797191619873},"rotation":{"x":0.0005719843902625144,"y":0.9992892146110535,"z":-0.027295615524053575,"w":0.017978504300117494},"size":1.0987462997436524,"orthographic":false}